"movie_name","movie_url","movie_movie_name_Director","movie_movie_name_Director_url","movie_movie_name_Actors_name","movie_movie_name_Actors_Character","movie_movie_name_Actors_photo","movie_movie_name_Actors_photo_url","movie_movie_name_Poster","movie_movie_name_Poster_url","movie_movie_name_Release_Date","movie_movie_name_Length","movie_movie_name_Score","movie_movie_name_Synopsis"
"","https://movie.douban.com/subject/4920389/","史蒂文·斯皮尔伯格","https://movie.douban.com/celebrity/1054440/","史蒂文·斯皮尔伯格","导演","https://img3.doubanio.com/view/celebrity/s_ratio_celebrity/public/p34602.jpg","https://img3.doubanio.com/view/celebrity/s_ratio_celebrity/public/p34602.jpg","https://img1.doubanio.com/view/photo/s_ratio_poster/public/p2516578307.jpg","https://movie.douban.com/subject/4920389/photos?type=R","2018-03-30(中国大陆)","140分钟","8.7","故事发生在2045年，虚拟现实技术已经渗透到了人类生活的每一个角落。詹姆斯哈利迪（马克·里朗斯 Mark Rylance 饰）一手建造了名为“绿洲”的虚拟现实游戏世界，临终前，他宣布自己在游戏中设置了一个彩蛋，找到这枚彩蛋的人即可成为绿洲的继承人。要找到这枚彩蛋，必须先获得三把钥匙，而寻找钥匙的线索就隐藏在詹姆斯的过往之中。
韦德（泰尔·谢里丹 Tye Sheridan 饰）、艾奇（丽娜·维特 Lena Waithe 饰）、大东（森崎温 饰）和修（赵家正 饰）是游戏中的好友，和之后遇见的阿尔忒弥斯（奥利维亚·库克 Olivia Cooke 饰）一起，五人踏上了寻找彩蛋的征程。他们所要对抗的，是名为诺兰索伦托（本·门德尔森 Ben Mendelsohn 饰）的大资本家。"
"","https://movie.douban.com/subject/4920389/","史蒂文·斯皮尔伯格","https://movie.douban.com/celebrity/1054440/","泰伊·谢里丹","饰 韦德·沃兹 / 帕西法尔 Wade Owen Watts / Parzival","https://img3.doubanio.com/view/celebrity/s_ratio_celebrity/public/p1464678182.3.jpg","https://img3.doubanio.com/view/celebrity/s_ratio_celebrity/public/p1464678182.3.jpg","https://img1.doubanio.com/view/photo/s_ratio_poster/public/p2516578307.jpg","https://movie.douban.com/subject/4920389/photos?type=R","2018-03-30(中国大陆)","140分钟","8.7","故事发生在2045年，虚拟现实技术已经渗透到了人类生活的每一个角落。詹姆斯哈利迪（马克·里朗斯 Mark Rylance 饰）一手建造了名为“绿洲”的虚拟现实游戏世界，临终前，他宣布自己在游戏中设置了一个彩蛋，找到这枚彩蛋的人即可成为绿洲的继承人。要找到这枚彩蛋，必须先获得三把钥匙，而寻找钥匙的线索就隐藏在詹姆斯的过往之中。
韦德（泰尔·谢里丹 Tye Sheridan 饰）、艾奇（丽娜·维特 Lena Waithe 饰）、大东（森崎温 饰）和修（赵家正 饰）是游戏中的好友，和之后遇见的阿尔忒弥斯（奥利维亚·库克 Olivia Cooke 饰）一起，五人踏上了寻找彩蛋的征程。他们所要对抗的，是名为诺兰索伦托（本·门德尔森 Ben Mendelsohn 饰）的大资本家。"
"","https://movie.douban.com/subject/4920389/","史蒂文·斯皮尔伯格","https://movie.douban.com/celebrity/1054440/","奥利维亚·库克","饰 萨曼莎 / 阿尔忒密斯 Samantha Evelyn Cook / Art3mis","https://img3.doubanio.com/view/celebrity/s_ratio_celebrity/public/p1371301550.93.jpg","https://img3.doubanio.com/view/celebrity/s_ratio_celebrity/public/p1371301550.93.jpg","https://img1.doubanio.com/view/photo/s_ratio_poster/public/p2516578307.jpg","https://movie.douban.com/subject/4920389/photos?type=R","2018-03-30(中国大陆)","140分钟","8.7","故事发生在2045年，虚拟现实技术已经渗透到了人类生活的每一个角落。詹姆斯哈利迪（马克·里朗斯 Mark Rylance 饰）一手建造了名为“绿洲”的虚拟现实游戏世界，临终前，他宣布自己在游戏中设置了一个彩蛋，找到这枚彩蛋的人即可成为绿洲的继承人。要找到这枚彩蛋，必须先获得三把钥匙，而寻找钥匙的线索就隐藏在詹姆斯的过往之中。
韦德（泰尔·谢里丹 Tye Sheridan 饰）、艾奇（丽娜·维特 Lena Waithe 饰）、大东（森崎温 饰）和修（赵家正 饰）是游戏中的好友，和之后遇见的阿尔忒弥斯（奥利维亚·库克 Olivia Cooke 饰）一起，五人踏上了寻找彩蛋的征程。他们所要对抗的，是名为诺兰索伦托（本·门德尔森 Ben Mendelsohn 饰）的大资本家。"
"","https://movie.douban.com/subject/4920389/","史蒂文·斯皮尔伯格","https://movie.douban.com/celebrity/1054440/","本·门德尔森","饰 诺兰·索伦托 Nolan Sorrento","https://img3.doubanio.com/view/celebrity/s_ratio_celebrity/public/p5681.jpg","https://img3.doubanio.com/view/celebrity/s_ratio_celebrity/public/p5681.jpg","https://img1.doubanio.com/view/photo/s_ratio_poster/public/p2516578307.jpg","https://movie.douban.com/subject/4920389/photos?type=R","2018-03-30(中国大陆)","140分钟","8.7","故事发生在2045年，虚拟现实技术已经渗透到了人类生活的每一个角落。詹姆斯哈利迪（马克·里朗斯 Mark Rylance 饰）一手建造了名为“绿洲”的虚拟现实游戏世界，临终前，他宣布自己在游戏中设置了一个彩蛋，找到这枚彩蛋的人即可成为绿洲的继承人。要找到这枚彩蛋，必须先获得三把钥匙，而寻找钥匙的线索就隐藏在詹姆斯的过往之中。
韦德（泰尔·谢里丹 Tye Sheridan 饰）、艾奇（丽娜·维特 Lena Waithe 饰）、大东（森崎温 饰）和修（赵家正 饰）是游戏中的好友，和之后遇见的阿尔忒弥斯（奥利维亚·库克 Olivia Cooke 饰）一起，五人踏上了寻找彩蛋的征程。他们所要对抗的，是名为诺兰索伦托（本·门德尔森 Ben Mendelsohn 饰）的大资本家。"
"","https://movie.douban.com/subject/4920389/","史蒂文·斯皮尔伯格","https://movie.douban.com/celebrity/1054440/","马克·里朗斯","饰 詹姆斯·哈利迪 / 阿诺克 James Donovan Halliday / Anorak","https://img3.doubanio.com/view/celebrity/s_ratio_celebrity/public/p18250.jpg","https://img3.doubanio.com/view/celebrity/s_ratio_celebrity/public/p18250.jpg","https://img1.doubanio.com/view/photo/s_ratio_poster/public/p2516578307.jpg","https://movie.douban.com/subject/4920389/photos?type=R","2018-03-30(中国大陆)","140分钟","8.7","故事发生在2045年，虚拟现实技术已经渗透到了人类生活的每一个角落。詹姆斯哈利迪（马克·里朗斯 Mark Rylance 饰）一手建造了名为“绿洲”的虚拟现实游戏世界，临终前，他宣布自己在游戏中设置了一个彩蛋，找到这枚彩蛋的人即可成为绿洲的继承人。要找到这枚彩蛋，必须先获得三把钥匙，而寻找钥匙的线索就隐藏在詹姆斯的过往之中。
韦德（泰尔·谢里丹 Tye Sheridan 饰）、艾奇（丽娜·维特 Lena Waithe 饰）、大东（森崎温 饰）和修（赵家正 饰）是游戏中的好友，和之后遇见的阿尔忒弥斯（奥利维亚·库克 Olivia Cooke 饰）一起，五人踏上了寻找彩蛋的征程。他们所要对抗的，是名为诺兰索伦托（本·门德尔森 Ben Mendelsohn 饰）的大资本家。"
"","https://movie.douban.com/subject/4920389/","史蒂文·斯皮尔伯格","https://movie.douban.com/celebrity/1054440/","丽娜·维特","饰 艾奇 / 海伦 Aech / Helen","https://img1.doubanio.com/view/celebrity/s_ratio_celebrity/public/p1523910423.79.jpg","https://img1.doubanio.com/view/celebrity/s_ratio_celebrity/public/p1523910423.79.jpg","https://img1.doubanio.com/view/photo/s_ratio_poster/public/p2516578307.jpg","https://movie.douban.com/subject/4920389/photos?type=R","2018-03-30(中国大陆)","140分钟","8.7","故事发生在2045年，虚拟现实技术已经渗透到了人类生活的每一个角落。詹姆斯哈利迪（马克·里朗斯 Mark Rylance 饰）一手建造了名为“绿洲”的虚拟现实游戏世界，临终前，他宣布自己在游戏中设置了一个彩蛋，找到这枚彩蛋的人即可成为绿洲的继承人。要找到这枚彩蛋，必须先获得三把钥匙，而寻找钥匙的线索就隐藏在詹姆斯的过往之中。
韦德（泰尔·谢里丹 Tye Sheridan 饰）、艾奇（丽娜·维特 Lena Waithe 饰）、大东（森崎温 饰）和修（赵家正 饰）是游戏中的好友，和之后遇见的阿尔忒弥斯（奥利维亚·库克 Olivia Cooke 饰）一起，五人踏上了寻找彩蛋的征程。他们所要对抗的，是名为诺兰索伦托（本·门德尔森 Ben Mendelsohn 饰）的大资本家。"
"头号玩家","https://movie.douban.com/subject/4920389/","","","","","","","","","","","",""
"影志","https://www.douban.com/people/tjz230/","","","","","","","","","","","",""
"2
三块广告牌8.7","https://movie.douban.com/subject/26611804/","马丁·麦克唐纳","https://movie.douban.com/celebrity/1000304/","马丁·麦克唐纳","导演","https://img3.doubanio.com/view/celebrity/s_ratio_celebrity/public/p1406649730.61.jpg","https://img3.doubanio.com/view/celebrity/s_ratio_celebrity/public/p1406649730.61.jpg","https://img1.doubanio.com/view/photo/s_ratio_poster/public/p2510081688.jpg","https://movie.douban.com/subject/26611804/photos?type=R","2018-03-02(中国大陆)","115分钟","8.7","米尔德雷德（弗兰西斯·麦克多蒙德 Frances McDormand 饰）的女儿在外出时惨遭奸杀，米尔德雷德和丈夫查理（约翰·哈克斯 John Hawkes 饰）之间的婚姻因此走到了尽头，如今，她同儿子罗比（卢卡斯·赫奇斯 Lucas Hedges饰）过着相依为命的生活。一晃眼几个月过去了，案件仍然没有告破预兆，而警方似乎早已经将注意力从案子上转移了开来。
被绝望和痛苦缠绕的米尔德雷德租下了高速公路边上的三块巨型广告牌，在上面控诉警方办案无能，并将矛头直接对准了警察局局长威洛比（伍迪·哈里森 Woody Harrelson 饰）。实际上，威洛比一直隐瞒着自己身患绝症命不久矣的事实。因为这三块广告牌，米尔德雷德和威洛比的生活发生了翻天覆地的变化。"
"2
三块广告牌8.7","https://movie.douban.com/subject/26611804/","马丁·麦克唐纳","https://movie.douban.com/celebrity/1000304/","弗兰西斯·麦克多蒙德","饰 米尔德丽德 Mildred","https://img3.doubanio.com/view/celebrity/s_ratio_celebrity/public/p1436865941.42.jpg","https://img3.doubanio.com/view/celebrity/s_ratio_celebrity/public/p1436865941.42.jpg","https://img1.doubanio.com/view/photo/s_ratio_poster/public/p2510081688.jpg","https://movie.douban.com/subject/26611804/photos?type=R","2018-03-02(中国大陆)","115分钟","8.7","米尔德雷德（弗兰西斯·麦克多蒙德 Frances McDormand 饰）的女儿在外出时惨遭奸杀，米尔德雷德和丈夫查理（约翰·哈克斯 John Hawkes 饰）之间的婚姻因此走到了尽头，如今，她同儿子罗比（卢卡斯·赫奇斯 Lucas Hedges饰）过着相依为命的生活。一晃眼几个月过去了，案件仍然没有告破预兆，而警方似乎早已经将注意力从案子上转移了开来。
被绝望和痛苦缠绕的米尔德雷德租下了高速公路边上的三块巨型广告牌，在上面控诉警方办案无能，并将矛头直接对准了警察局局长威洛比（伍迪·哈里森 Woody Harrelson 饰）。实际上，威洛比一直隐瞒着自己身患绝症命不久矣的事实。因为这三块广告牌，米尔德雷德和威洛比的生活发生了翻天覆地的变化。"
"2
三块广告牌8.7","https://movie.douban.com/subject/26611804/","马丁·麦克唐纳","https://movie.douban.com/celebrity/1000304/","伍迪·哈里森","饰 威洛比 Willoughby","https://img3.doubanio.com/view/celebrity/s_ratio_celebrity/public/p501.jpg","https://img3.doubanio.com/view/celebrity/s_ratio_celebrity/public/p501.jpg","https://img1.doubanio.com/view/photo/s_ratio_poster/public/p2510081688.jpg","https://movie.douban.com/subject/26611804/photos?type=R","2018-03-02(中国大陆)","115分钟","8.7","米尔德雷德（弗兰西斯·麦克多蒙德 Frances McDormand 饰）的女儿在外出时惨遭奸杀，米尔德雷德和丈夫查理（约翰·哈克斯 John Hawkes 饰）之间的婚姻因此走到了尽头，如今，她同儿子罗比（卢卡斯·赫奇斯 Lucas Hedges饰）过着相依为命的生活。一晃眼几个月过去了，案件仍然没有告破预兆，而警方似乎早已经将注意力从案子上转移了开来。
被绝望和痛苦缠绕的米尔德雷德租下了高速公路边上的三块巨型广告牌，在上面控诉警方办案无能，并将矛头直接对准了警察局局长威洛比（伍迪·哈里森 Woody Harrelson 饰）。实际上，威洛比一直隐瞒着自己身患绝症命不久矣的事实。因为这三块广告牌，米尔德雷德和威洛比的生活发生了翻天覆地的变化。"
"2
三块广告牌8.7","https://movie.douban.com/subject/26611804/","马丁·麦克唐纳","https://movie.douban.com/celebrity/1000304/","山姆·洛克威尔","饰 狄克森 Dixon","https://img3.doubanio.com/view/celebrity/s_ratio_celebrity/public/p1533802988.44.jpg","https://img3.doubanio.com/view/celebrity/s_ratio_celebrity/public/p1533802988.44.jpg","https://img1.doubanio.com/view/photo/s_ratio_poster/public/p2510081688.jpg","https://movie.douban.com/subject/26611804/photos?type=R","2018-03-02(中国大陆)","115分钟","8.7","米尔德雷德（弗兰西斯·麦克多蒙德 Frances McDormand 饰）的女儿在外出时惨遭奸杀，米尔德雷德和丈夫查理（约翰·哈克斯 John Hawkes 饰）之间的婚姻因此走到了尽头，如今，她同儿子罗比（卢卡斯·赫奇斯 Lucas Hedges饰）过着相依为命的生活。一晃眼几个月过去了，案件仍然没有告破预兆，而警方似乎早已经将注意力从案子上转移了开来。
被绝望和痛苦缠绕的米尔德雷德租下了高速公路边上的三块巨型广告牌，在上面控诉警方办案无能，并将矛头直接对准了警察局局长威洛比（伍迪·哈里森 Woody Harrelson 饰）。实际上，威洛比一直隐瞒着自己身患绝症命不久矣的事实。因为这三块广告牌，米尔德雷德和威洛比的生活发生了翻天覆地的变化。"
"2
三块广告牌8.7","https://movie.douban.com/subject/26611804/","马丁·麦克唐纳","https://movie.douban.com/celebrity/1000304/","艾比·考尼什","饰 安妮 Anne","https://img3.doubanio.com/view/celebrity/s_ratio_celebrity/public/p20016.jpg","https://img3.doubanio.com/view/celebrity/s_ratio_celebrity/public/p20016.jpg","https://img1.doubanio.com/view/photo/s_ratio_poster/public/p2510081688.jpg","https://movie.douban.com/subject/26611804/photos?type=R","2018-03-02(中国大陆)","115分钟","8.7","米尔德雷德（弗兰西斯·麦克多蒙德 Frances McDormand 饰）的女儿在外出时惨遭奸杀，米尔德雷德和丈夫查理（约翰·哈克斯 John Hawkes 饰）之间的婚姻因此走到了尽头，如今，她同儿子罗比（卢卡斯·赫奇斯 Lucas Hedges饰）过着相依为命的生活。一晃眼几个月过去了，案件仍然没有告破预兆，而警方似乎早已经将注意力从案子上转移了开来。
被绝望和痛苦缠绕的米尔德雷德租下了高速公路边上的三块巨型广告牌，在上面控诉警方办案无能，并将矛头直接对准了警察局局长威洛比（伍迪·哈里森 Woody Harrelson 饰）。实际上，威洛比一直隐瞒着自己身患绝症命不久矣的事实。因为这三块广告牌，米尔德雷德和威洛比的生活发生了翻天覆地的变化。"
"2
三块广告牌8.7","https://movie.douban.com/subject/26611804/","马丁·麦克唐纳","https://movie.douban.com/celebrity/1000304/","卢卡斯·赫奇斯","饰 罗比 Robbie","https://img1.doubanio.com/view/celebrity/s_ratio_celebrity/public/p1487925258.18.jpg","https://img1.doubanio.com/view/celebrity/s_ratio_celebrity/public/p1487925258.18.jpg","https://img1.doubanio.com/view/photo/s_ratio_poster/public/p2510081688.jpg","https://movie.douban.com/subject/26611804/photos?type=R","2018-03-02(中国大陆)","115分钟","8.7","米尔德雷德（弗兰西斯·麦克多蒙德 Frances McDormand 饰）的女儿在外出时惨遭奸杀，米尔德雷德和丈夫查理（约翰·哈克斯 John Hawkes 饰）之间的婚姻因此走到了尽头，如今，她同儿子罗比（卢卡斯·赫奇斯 Lucas Hedges饰）过着相依为命的生活。一晃眼几个月过去了，案件仍然没有告破预兆，而警方似乎早已经将注意力从案子上转移了开来。
被绝望和痛苦缠绕的米尔德雷德租下了高速公路边上的三块巨型广告牌，在上面控诉警方办案无能，并将矛头直接对准了警察局局长威洛比（伍迪·哈里森 Woody Harrelson 饰）。实际上，威洛比一直隐瞒着自己身患绝症命不久矣的事实。因为这三块广告牌，米尔德雷德和威洛比的生活发生了翻天覆地的变化。"
"3
小偷家族8.7","https://movie.douban.com/subject/27622447/","是枝裕和","https://movie.douban.com/celebrity/1274351/","是枝裕和","导演","https://img3.doubanio.com/view/celebrity/s_ratio_celebrity/public/p1363134033.35.jpg","https://img3.doubanio.com/view/celebrity/s_ratio_celebrity/public/p1363134033.35.jpg","https://img3.doubanio.com/view/photo/s_ratio_poster/public/p2530599636.jpg","https://movie.douban.com/subject/27622447/photos?type=R","上映日期:","片长:","8.7","东京的都市丛林中央，残存着一栋古旧寒酸的老房子，这里局促地生活着柴田一家五口人。在工地当临时工的男人阿治（Lily Franky 饰）经常带着儿子祥太（城桧吏 饰）到超市盗窃生活用品，这一天，他们回家路上遇到了独自待在户外的四岁女孩由里（佐佐木美结 饰）。妻子信代（安藤樱 饰）起初极力主张将女孩送回父母身边，但当看到女孩原生家庭的状况时又心生恻隐。原本柴田家就靠着老奶奶初枝（树木希林 饰）的养老金度日，而今多了一口人，自然更艰辛了几分。包括信代的妹妹亚纪（松冈茉优 饰）在内，虽然一家人游走在贫困和违法的边缘，但笃深的羁绊将他们紧紧联系在一起，使他们的心不会随着冰冷的都市而寒冷下去……
本片荣获第71届戛纳电影节金棕榈"
"3
小偷家族8.7","https://movie.douban.com/subject/27622447/","是枝裕和","https://movie.douban.com/celebrity/1274351/","中川雅也","饰 柴田治","https://img1.doubanio.com/view/celebrity/s_ratio_celebrity/public/p19077.jpg","https://img1.doubanio.com/view/celebrity/s_ratio_celebrity/public/p19077.jpg","https://img3.doubanio.com/view/photo/s_ratio_poster/public/p2530599636.jpg","https://movie.douban.com/subject/27622447/photos?type=R","上映日期:","片长:","8.7","东京的都市丛林中央，残存着一栋古旧寒酸的老房子，这里局促地生活着柴田一家五口人。在工地当临时工的男人阿治（Lily Franky 饰）经常带着儿子祥太（城桧吏 饰）到超市盗窃生活用品，这一天，他们回家路上遇到了独自待在户外的四岁女孩由里（佐佐木美结 饰）。妻子信代（安藤樱 饰）起初极力主张将女孩送回父母身边，但当看到女孩原生家庭的状况时又心生恻隐。原本柴田家就靠着老奶奶初枝（树木希林 饰）的养老金度日，而今多了一口人，自然更艰辛了几分。包括信代的妹妹亚纪（松冈茉优 饰）在内，虽然一家人游走在贫困和违法的边缘，但笃深的羁绊将他们紧紧联系在一起，使他们的心不会随着冰冷的都市而寒冷下去……
本片荣获第71届戛纳电影节金棕榈"
"3
小偷家族8.7","https://movie.douban.com/subject/27622447/","是枝裕和","https://movie.douban.com/celebrity/1274351/","安藤樱","饰 柴田信代","https://img3.doubanio.com/view/celebrity/s_ratio_celebrity/public/p1368978530.25.jpg","https://img3.doubanio.com/view/celebrity/s_ratio_celebrity/public/p1368978530.25.jpg","https://img3.doubanio.com/view/photo/s_ratio_poster/public/p2530599636.jpg","https://movie.douban.com/subject/27622447/photos?type=R","上映日期:","片长:","8.7","东京的都市丛林中央，残存着一栋古旧寒酸的老房子，这里局促地生活着柴田一家五口人。在工地当临时工的男人阿治（Lily Franky 饰）经常带着儿子祥太（城桧吏 饰）到超市盗窃生活用品，这一天，他们回家路上遇到了独自待在户外的四岁女孩由里（佐佐木美结 饰）。妻子信代（安藤樱 饰）起初极力主张将女孩送回父母身边，但当看到女孩原生家庭的状况时又心生恻隐。原本柴田家就靠着老奶奶初枝（树木希林 饰）的养老金度日，而今多了一口人，自然更艰辛了几分。包括信代的妹妹亚纪（松冈茉优 饰）在内，虽然一家人游走在贫困和违法的边缘，但笃深的羁绊将他们紧紧联系在一起，使他们的心不会随着冰冷的都市而寒冷下去……
本片荣获第71届戛纳电影节金棕榈"
"3
小偷家族8.7","https://movie.douban.com/subject/27622447/","是枝裕和","https://movie.douban.com/celebrity/1274351/","松冈茉优","饰 柴田亚纪 / 纱香","https://img3.doubanio.com/view/celebrity/s_ratio_celebrity/public/p1431174099.11.jpg","https://img3.doubanio.com/view/celebrity/s_ratio_celebrity/public/p1431174099.11.jpg","https://img3.doubanio.com/view/photo/s_ratio_poster/public/p2530599636.jpg","https://movie.douban.com/subject/27622447/photos?type=R","上映日期:","片长:","8.7","东京的都市丛林中央，残存着一栋古旧寒酸的老房子，这里局促地生活着柴田一家五口人。在工地当临时工的男人阿治（Lily Franky 饰）经常带着儿子祥太（城桧吏 饰）到超市盗窃生活用品，这一天，他们回家路上遇到了独自待在户外的四岁女孩由里（佐佐木美结 饰）。妻子信代（安藤樱 饰）起初极力主张将女孩送回父母身边，但当看到女孩原生家庭的状况时又心生恻隐。原本柴田家就靠着老奶奶初枝（树木希林 饰）的养老金度日，而今多了一口人，自然更艰辛了几分。包括信代的妹妹亚纪（松冈茉优 饰）在内，虽然一家人游走在贫困和违法的边缘，但笃深的羁绊将他们紧紧联系在一起，使他们的心不会随着冰冷的都市而寒冷下去……
本片荣获第71届戛纳电影节金棕榈"
"3
小偷家族8.7","https://movie.douban.com/subject/27622447/","是枝裕和","https://movie.douban.com/celebrity/1274351/","城桧吏","饰 柴田祥太","https://img3.doubanio.com/view/celebrity/s_ratio_celebrity/public/p1526755919.44.jpg","https://img3.doubanio.com/view/celebrity/s_ratio_celebrity/public/p1526755919.44.jpg","https://img3.doubanio.com/view/photo/s_ratio_poster/public/p2530599636.jpg","https://movie.douban.com/subject/27622447/photos?type=R","上映日期:","片长:","8.7","东京的都市丛林中央，残存着一栋古旧寒酸的老房子，这里局促地生活着柴田一家五口人。在工地当临时工的男人阿治（Lily Franky 饰）经常带着儿子祥太（城桧吏 饰）到超市盗窃生活用品，这一天，他们回家路上遇到了独自待在户外的四岁女孩由里（佐佐木美结 饰）。妻子信代（安藤樱 饰）起初极力主张将女孩送回父母身边，但当看到女孩原生家庭的状况时又心生恻隐。原本柴田家就靠着老奶奶初枝（树木希林 饰）的养老金度日，而今多了一口人，自然更艰辛了几分。包括信代的妹妹亚纪（松冈茉优 饰）在内，虽然一家人游走在贫困和违法的边缘，但笃深的羁绊将他们紧紧联系在一起，使他们的心不会随着冰冷的都市而寒冷下去……
本片荣获第71届戛纳电影节金棕榈"
"3
小偷家族8.7","https://movie.douban.com/subject/27622447/","是枝裕和","https://movie.douban.com/celebrity/1274351/","佐佐木美结","饰 友里","https://img3.doubanio.com/view/celebrity/s_ratio_celebrity/public/p1533174619.42.jpg","https://img3.doubanio.com/view/celebrity/s_ratio_celebrity/public/p1533174619.42.jpg","https://img3.doubanio.com/view/photo/s_ratio_poster/public/p2530599636.jpg","https://movie.douban.com/subject/27622447/photos?type=R","上映日期:","片长:","8.7","东京的都市丛林中央，残存着一栋古旧寒酸的老房子，这里局促地生活着柴田一家五口人。在工地当临时工的男人阿治（Lily Franky 饰）经常带着儿子祥太（城桧吏 饰）到超市盗窃生活用品，这一天，他们回家路上遇到了独自待在户外的四岁女孩由里（佐佐木美结 饰）。妻子信代（安藤樱 饰）起初极力主张将女孩送回父母身边，但当看到女孩原生家庭的状况时又心生恻隐。原本柴田家就靠着老奶奶初枝（树木希林 饰）的养老金度日，而今多了一口人，自然更艰辛了几分。包括信代的妹妹亚纪（松冈茉优 饰）在内，虽然一家人游走在贫困和违法的边缘，但笃深的羁绊将他们紧紧联系在一起，使他们的心不会随着冰冷的都市而寒冷下去……
本片荣获第71届戛纳电影节金棕榈"
"4
奇迹男孩8.6","https://movie.douban.com/subject/26787574/","斯蒂芬·卓博斯基","https://movie.douban.com/celebrity/1070754/","斯蒂芬·卓博斯基","导演","https://img3.doubanio.com/view/celebrity/s_ratio_celebrity/public/p57551.jpg","https://img3.doubanio.com/view/celebrity/s_ratio_celebrity/public/p57551.jpg","https://img1.doubanio.com/view/photo/s_ratio_poster/public/p2507709428.jpg","https://movie.douban.com/subject/26787574/photos?type=R","上映日期:","113分钟","8.6","奥吉（雅各布·特瑞布雷 Jacob Tremblay 饰）是一个10岁的男孩，除了头戴一个巨大的太空头盔外，他和其他的同年龄孩子别无二致。头盔下隐藏了奥吉因为各种手术而伤痕累累的脸庞，它不仅完美的隐藏起了奥吉脆弱自卑的内心，也成功的防止了奥吉的模样吓到别的孩子。
奥吉没有上过学，他的所有文化知识都是母亲伊莎贝尔（朱莉娅·罗伯茨 Julia Roberts 饰）在家教授给他的。然而，伊莎贝尔渐渐感觉到，家庭课堂无法满足奥吉的成长需要，除了学习知识，奥吉还必须学会的，是如何同除了家人以外的人交流。在忧虑重重之中，伊莎贝尔将奥吉送入了一间公立学校里，在那里，奥吉面临的是他人生中必须要战胜的挑战。"
"4
奇迹男孩8.6","https://movie.douban.com/subject/26787574/","斯蒂芬·卓博斯基","https://movie.douban.com/celebrity/1070754/","雅各布·特伦布莱","饰 奥吉 Auggie","https://img3.doubanio.com/view/celebrity/s_ratio_celebrity/public/p1458402769.84.jpg","https://img3.doubanio.com/view/celebrity/s_ratio_celebrity/public/p1458402769.84.jpg","https://img1.doubanio.com/view/photo/s_ratio_poster/public/p2507709428.jpg","https://movie.douban.com/subject/26787574/photos?type=R","上映日期:","113分钟","8.6","奥吉（雅各布·特瑞布雷 Jacob Tremblay 饰）是一个10岁的男孩，除了头戴一个巨大的太空头盔外，他和其他的同年龄孩子别无二致。头盔下隐藏了奥吉因为各种手术而伤痕累累的脸庞，它不仅完美的隐藏起了奥吉脆弱自卑的内心，也成功的防止了奥吉的模样吓到别的孩子。
奥吉没有上过学，他的所有文化知识都是母亲伊莎贝尔（朱莉娅·罗伯茨 Julia Roberts 饰）在家教授给他的。然而，伊莎贝尔渐渐感觉到，家庭课堂无法满足奥吉的成长需要，除了学习知识，奥吉还必须学会的，是如何同除了家人以外的人交流。在忧虑重重之中，伊莎贝尔将奥吉送入了一间公立学校里，在那里，奥吉面临的是他人生中必须要战胜的挑战。"
"4
奇迹男孩8.6","https://movie.douban.com/subject/26787574/","斯蒂芬·卓博斯基","https://movie.douban.com/celebrity/1070754/","朱莉娅·罗伯茨","饰 伊莎贝尔 Isabel","https://img1.doubanio.com/view/celebrity/s_ratio_celebrity/public/p8889.jpg","https://img1.doubanio.com/view/celebrity/s_ratio_celebrity/public/p8889.jpg","https://img1.doubanio.com/view/photo/s_ratio_poster/public/p2507709428.jpg","https://movie.douban.com/subject/26787574/photos?type=R","上映日期:","113分钟","8.6","奥吉（雅各布·特瑞布雷 Jacob Tremblay 饰）是一个10岁的男孩，除了头戴一个巨大的太空头盔外，他和其他的同年龄孩子别无二致。头盔下隐藏了奥吉因为各种手术而伤痕累累的脸庞，它不仅完美的隐藏起了奥吉脆弱自卑的内心，也成功的防止了奥吉的模样吓到别的孩子。
奥吉没有上过学，他的所有文化知识都是母亲伊莎贝尔（朱莉娅·罗伯茨 Julia Roberts 饰）在家教授给他的。然而，伊莎贝尔渐渐感觉到，家庭课堂无法满足奥吉的成长需要，除了学习知识，奥吉还必须学会的，是如何同除了家人以外的人交流。在忧虑重重之中，伊莎贝尔将奥吉送入了一间公立学校里，在那里，奥吉面临的是他人生中必须要战胜的挑战。"
"4
奇迹男孩8.6","https://movie.douban.com/subject/26787574/","斯蒂芬·卓博斯基","https://movie.douban.com/celebrity/1070754/","伊扎贝拉·维多维奇","饰 维娅 Via","https://img1.doubanio.com/view/celebrity/s_ratio_celebrity/public/p1518312323.27.jpg","https://img1.doubanio.com/view/celebrity/s_ratio_celebrity/public/p1518312323.27.jpg","https://img1.doubanio.com/view/photo/s_ratio_poster/public/p2507709428.jpg","https://movie.douban.com/subject/26787574/photos?type=R","上映日期:","113分钟","8.6","奥吉（雅各布·特瑞布雷 Jacob Tremblay 饰）是一个10岁的男孩，除了头戴一个巨大的太空头盔外，他和其他的同年龄孩子别无二致。头盔下隐藏了奥吉因为各种手术而伤痕累累的脸庞，它不仅完美的隐藏起了奥吉脆弱自卑的内心，也成功的防止了奥吉的模样吓到别的孩子。
奥吉没有上过学，他的所有文化知识都是母亲伊莎贝尔（朱莉娅·罗伯茨 Julia Roberts 饰）在家教授给他的。然而，伊莎贝尔渐渐感觉到，家庭课堂无法满足奥吉的成长需要，除了学习知识，奥吉还必须学会的，是如何同除了家人以外的人交流。在忧虑重重之中，伊莎贝尔将奥吉送入了一间公立学校里，在那里，奥吉面临的是他人生中必须要战胜的挑战。"
"4
奇迹男孩8.6","https://movie.douban.com/subject/26787574/","斯蒂芬·卓博斯基","https://movie.douban.com/celebrity/1070754/","欧文·威尔逊","饰 内特 Nate","https://img1.doubanio.com/view/celebrity/s_ratio_celebrity/public/p2059.jpg","https://img1.doubanio.com/view/celebrity/s_ratio_celebrity/public/p2059.jpg","https://img1.doubanio.com/view/photo/s_ratio_poster/public/p2507709428.jpg","https://movie.douban.com/subject/26787574/photos?type=R","上映日期:","113分钟","8.6","奥吉（雅各布·特瑞布雷 Jacob Tremblay 饰）是一个10岁的男孩，除了头戴一个巨大的太空头盔外，他和其他的同年龄孩子别无二致。头盔下隐藏了奥吉因为各种手术而伤痕累累的脸庞，它不仅完美的隐藏起了奥吉脆弱自卑的内心，也成功的防止了奥吉的模样吓到别的孩子。
奥吉没有上过学，他的所有文化知识都是母亲伊莎贝尔（朱莉娅·罗伯茨 Julia Roberts 饰）在家教授给他的。然而，伊莎贝尔渐渐感觉到，家庭课堂无法满足奥吉的成长需要，除了学习知识，奥吉还必须学会的，是如何同除了家人以外的人交流。在忧虑重重之中，伊莎贝尔将奥吉送入了一间公立学校里，在那里，奥吉面临的是他人生中必须要战胜的挑战。"
"4
奇迹男孩8.6","https://movie.douban.com/subject/26787574/","斯蒂芬·卓博斯基","https://movie.douban.com/celebrity/1070754/","诺亚·尤佩","饰 杰克·威尔 Jack Will","https://img3.doubanio.com/view/celebrity/s_ratio_celebrity/public/p1516598354.03.jpg","https://img3.doubanio.com/view/celebrity/s_ratio_celebrity/public/p1516598354.03.jpg","https://img1.doubanio.com/view/photo/s_ratio_poster/public/p2507709428.jpg","https://movie.douban.com/subject/26787574/photos?type=R","上映日期:","113分钟","8.6","奥吉（雅各布·特瑞布雷 Jacob Tremblay 饰）是一个10岁的男孩，除了头戴一个巨大的太空头盔外，他和其他的同年龄孩子别无二致。头盔下隐藏了奥吉因为各种手术而伤痕累累的脸庞，它不仅完美的隐藏起了奥吉脆弱自卑的内心，也成功的防止了奥吉的模样吓到别的孩子。
奥吉没有上过学，他的所有文化知识都是母亲伊莎贝尔（朱莉娅·罗伯茨 Julia Roberts 饰）在家教授给他的。然而，伊莎贝尔渐渐感觉到，家庭课堂无法满足奥吉的成长需要，除了学习知识，奥吉还必须学会的，是如何同除了家人以外的人交流。在忧虑重重之中，伊莎贝尔将奥吉送入了一间公立学校里，在那里，奥吉面临的是他人生中必须要战胜的挑战。"
"5
幸福的拉扎罗8.6","https://movie.douban.com/subject/27072795/","阿莉切·罗尔瓦赫尔","https://movie.douban.com/celebrity/1338597/","阿莉切·罗尔瓦赫尔","导演","https://img1.doubanio.com/view/celebrity/s_ratio_celebrity/public/p1509432982.17.jpg","https://img1.doubanio.com/view/celebrity/s_ratio_celebrity/public/p1509432982.17.jpg","https://img3.doubanio.com/view/photo/s_ratio_poster/public/p2521583093.jpg","https://movie.douban.com/subject/27072795/photos?type=R","2018-05-31(意大利)","IMDb链接:","8.6","拉扎罗（阿德里亚诺·塔尔迪奥洛 饰）是一位内心单纯的年轻农民，坦克雷迪（卢卡·奇科瓦尼 饰）则是一位骄横的年轻贵族。他在Inviolata这座与世隔绝的小城内生活，这个城镇则由侯爵夫人阿诺西纳·德·卢娜（尼可莱塔·布拉斯基 饰）所统治。年轻的农民和年轻的贵族相遇并成为好友。某天，坦克雷迪自导自演了一场绑架戏码，希望骗到母亲的赎金，不料最终引来了警察……"
"5
幸福的拉扎罗8.6","https://movie.douban.com/subject/27072795/","阿莉切·罗尔瓦赫尔","https://movie.douban.com/celebrity/1338597/","阿德里亚诺·塔尔迪奥洛","饰 Lazzaro","https://img1.doubanio.com/view/celebrity/s_ratio_celebrity/public/p1526376194.07.jpg","https://img1.doubanio.com/view/celebrity/s_ratio_celebrity/public/p1526376194.07.jpg","https://img3.doubanio.com/view/photo/s_ratio_poster/public/p2521583093.jpg","https://movie.douban.com/subject/27072795/photos?type=R","2018-05-31(意大利)","IMDb链接:","8.6","拉扎罗（阿德里亚诺·塔尔迪奥洛 饰）是一位内心单纯的年轻农民，坦克雷迪（卢卡·奇科瓦尼 饰）则是一位骄横的年轻贵族。他在Inviolata这座与世隔绝的小城内生活，这个城镇则由侯爵夫人阿诺西纳·德·卢娜（尼可莱塔·布拉斯基 饰）所统治。年轻的农民和年轻的贵族相遇并成为好友。某天，坦克雷迪自导自演了一场绑架戏码，希望骗到母亲的赎金，不料最终引来了警察……"
"5
幸福的拉扎罗8.6","https://movie.douban.com/subject/27072795/","阿莉切·罗尔瓦赫尔","https://movie.douban.com/celebrity/1338597/","阿涅塞·格拉齐亚尼","饰 Antonia bambina","https://img3.doubanio.com/view/celebrity/s_ratio_celebrity/public/p1537174229.73.jpg","https://img3.doubanio.com/view/celebrity/s_ratio_celebrity/public/p1537174229.73.jpg","https://img3.doubanio.com/view/photo/s_ratio_poster/public/p2521583093.jpg","https://movie.douban.com/subject/27072795/photos?type=R","2018-05-31(意大利)","IMDb链接:","8.6","拉扎罗（阿德里亚诺·塔尔迪奥洛 饰）是一位内心单纯的年轻农民，坦克雷迪（卢卡·奇科瓦尼 饰）则是一位骄横的年轻贵族。他在Inviolata这座与世隔绝的小城内生活，这个城镇则由侯爵夫人阿诺西纳·德·卢娜（尼可莱塔·布拉斯基 饰）所统治。年轻的农民和年轻的贵族相遇并成为好友。某天，坦克雷迪自导自演了一场绑架戏码，希望骗到母亲的赎金，不料最终引来了警察……"
"5
幸福的拉扎罗8.6","https://movie.douban.com/subject/27072795/","阿莉切·罗尔瓦赫尔","https://movie.douban.com/celebrity/1338597/","卢卡·奇科瓦尼","饰 Tancredi bambino","https://img1.doubanio.com/view/celebrity/s_ratio_celebrity/public/p1526353357.28.jpg","https://img1.doubanio.com/view/celebrity/s_ratio_celebrity/public/p1526353357.28.jpg","https://img3.doubanio.com/view/photo/s_ratio_poster/public/p2521583093.jpg","https://movie.douban.com/subject/27072795/photos?type=R","2018-05-31(意大利)","IMDb链接:","8.6","拉扎罗（阿德里亚诺·塔尔迪奥洛 饰）是一位内心单纯的年轻农民，坦克雷迪（卢卡·奇科瓦尼 饰）则是一位骄横的年轻贵族。他在Inviolata这座与世隔绝的小城内生活，这个城镇则由侯爵夫人阿诺西纳·德·卢娜（尼可莱塔·布拉斯基 饰）所统治。年轻的农民和年轻的贵族相遇并成为好友。某天，坦克雷迪自导自演了一场绑架戏码，希望骗到母亲的赎金，不料最终引来了警察……"
"5
幸福的拉扎罗8.6","https://movie.douban.com/subject/27072795/","阿莉切·罗尔瓦赫尔","https://movie.douban.com/celebrity/1338597/","阿尔巴·罗尔瓦赫尔","饰 Antonia","https://img3.doubanio.com/view/celebrity/s_ratio_celebrity/public/p1467862505.13.jpg","https://img3.doubanio.com/view/celebrity/s_ratio_celebrity/public/p1467862505.13.jpg","https://img3.doubanio.com/view/photo/s_ratio_poster/public/p2521583093.jpg","https://movie.douban.com/subject/27072795/photos?type=R","2018-05-31(意大利)","IMDb链接:","8.6","拉扎罗（阿德里亚诺·塔尔迪奥洛 饰）是一位内心单纯的年轻农民，坦克雷迪（卢卡·奇科瓦尼 饰）则是一位骄横的年轻贵族。他在Inviolata这座与世隔绝的小城内生活，这个城镇则由侯爵夫人阿诺西纳·德·卢娜（尼可莱塔·布拉斯基 饰）所统治。年轻的农民和年轻的贵族相遇并成为好友。某天，坦克雷迪自导自演了一场绑架戏码，希望骗到母亲的赎金，不料最终引来了警察……"
"5
幸福的拉扎罗8.6","https://movie.douban.com/subject/27072795/","阿莉切·罗尔瓦赫尔","https://movie.douban.com/celebrity/1338597/","塞尔希·洛佩斯","饰 Ultimo","https://img3.doubanio.com/view/celebrity/s_ratio_celebrity/public/p1016.jpg","https://img3.doubanio.com/view/celebrity/s_ratio_celebrity/public/p1016.jpg","https://img3.doubanio.com/view/photo/s_ratio_poster/public/p2521583093.jpg","https://movie.douban.com/subject/27072795/photos?type=R","2018-05-31(意大利)","IMDb链接:","8.6","拉扎罗（阿德里亚诺·塔尔迪奥洛 饰）是一位内心单纯的年轻农民，坦克雷迪（卢卡·奇科瓦尼 饰）则是一位骄横的年轻贵族。他在Inviolata这座与世隔绝的小城内生活，这个城镇则由侯爵夫人阿诺西纳·德·卢娜（尼可莱塔·布拉斯基 饰）所统治。年轻的农民和年轻的贵族相遇并成为好友。某天，坦克雷迪自导自演了一场绑架戏码，希望骗到母亲的赎金，不料最终引来了警察……"
"6
网络谜踪8.6","https://movie.douban.com/subject/27615441/","阿尼什·查甘蒂","https://movie.douban.com/celebrity/1393516/","阿尼什·查甘蒂","导演","https://img3.doubanio.com/view/celebrity/s_ratio_celebrity/public/p1543483760.83.jpg","https://img3.doubanio.com/view/celebrity/s_ratio_celebrity/public/p1543483760.83.jpg","https://img1.doubanio.com/view/photo/s_ratio_poster/public/p2542848758.jpg","https://movie.douban.com/subject/27615441/photos?type=R","上映日期:","片长:","8.6","工程师大卫·金（约翰·赵 饰）一直引以为傲的16岁乖女玛戈特突然失踪。前来调查此案的警探怀疑女儿离家出走。不满这一结论的父亲为了寻找真相，独自展开调查。他打开了女儿的笔记本电脑，用社交软件开始寻找破案线索。大卫必须在女儿消失之前，沿着她在虚拟世界的足迹找到她…"
"6
网络谜踪8.6","https://movie.douban.com/subject/27615441/","阿尼什·查甘蒂","https://movie.douban.com/celebrity/1393516/","约翰·赵","饰 大卫 David Kim","https://img1.doubanio.com/view/celebrity/s_ratio_celebrity/public/p1328.jpg","https://img1.doubanio.com/view/celebrity/s_ratio_celebrity/public/p1328.jpg","https://img1.doubanio.com/view/photo/s_ratio_poster/public/p2542848758.jpg","https://movie.douban.com/subject/27615441/photos?type=R","上映日期:","片长:","8.6","工程师大卫·金（约翰·赵 饰）一直引以为傲的16岁乖女玛戈特突然失踪。前来调查此案的警探怀疑女儿离家出走。不满这一结论的父亲为了寻找真相，独自展开调查。他打开了女儿的笔记本电脑，用社交软件开始寻找破案线索。大卫必须在女儿消失之前，沿着她在虚拟世界的足迹找到她…"
"6
网络谜踪8.6","https://movie.douban.com/subject/27615441/","阿尼什·查甘蒂","https://movie.douban.com/celebrity/1393516/","米切尔·拉","饰 玛格 Margot","https://img3.doubanio.com/view/celebrity/s_ratio_celebrity/public/p1534082266.94.jpg","https://img3.doubanio.com/view/celebrity/s_ratio_celebrity/public/p1534082266.94.jpg","https://img1.doubanio.com/view/photo/s_ratio_poster/public/p2542848758.jpg","https://movie.douban.com/subject/27615441/photos?type=R","上映日期:","片长:","8.6","工程师大卫·金（约翰·赵 饰）一直引以为傲的16岁乖女玛戈特突然失踪。前来调查此案的警探怀疑女儿离家出走。不满这一结论的父亲为了寻找真相，独自展开调查。他打开了女儿的笔记本电脑，用社交软件开始寻找破案线索。大卫必须在女儿消失之前，沿着她在虚拟世界的足迹找到她…"
"6
网络谜踪8.6","https://movie.douban.com/subject/27615441/","阿尼什·查甘蒂","https://movie.douban.com/celebrity/1393516/","黛博拉·梅辛","饰 罗斯玛丽探员 Detective Rosemary Vick","https://img3.doubanio.com/view/celebrity/s_ratio_celebrity/public/p24903.jpg","https://img3.doubanio.com/view/celebrity/s_ratio_celebrity/public/p24903.jpg","https://img1.doubanio.com/view/photo/s_ratio_poster/public/p2542848758.jpg","https://movie.douban.com/subject/27615441/photos?type=R","上映日期:","片长:","8.6","工程师大卫·金（约翰·赵 饰）一直引以为傲的16岁乖女玛戈特突然失踪。前来调查此案的警探怀疑女儿离家出走。不满这一结论的父亲为了寻找真相，独自展开调查。他打开了女儿的笔记本电脑，用社交软件开始寻找破案线索。大卫必须在女儿消失之前，沿着她在虚拟世界的足迹找到她…"
"6
网络谜踪8.6","https://movie.douban.com/subject/27615441/","阿尼什·查甘蒂","https://movie.douban.com/celebrity/1393516/","约瑟夫·李","饰 皮特 Peter","https://img3.doubanio.com/view/celebrity/s_ratio_celebrity/public/pi1jLpabrpE4cel_avatar_uploaded1522150531.3.jpg","https://img3.doubanio.com/view/celebrity/s_ratio_celebrity/public/pi1jLpabrpE4cel_avatar_uploaded1522150531.3.jpg","https://img1.doubanio.com/view/photo/s_ratio_poster/public/p2542848758.jpg","https://movie.douban.com/subject/27615441/photos?type=R","上映日期:","片长:","8.6","工程师大卫·金（约翰·赵 饰）一直引以为傲的16岁乖女玛戈特突然失踪。前来调查此案的警探怀疑女儿离家出走。不满这一结论的父亲为了寻找真相，独自展开调查。他打开了女儿的笔记本电脑，用社交软件开始寻找破案线索。大卫必须在女儿消失之前，沿着她在虚拟世界的足迹找到她…"
"6
网络谜踪8.6","https://movie.douban.com/subject/27615441/","阿尼什·查甘蒂","https://movie.douban.com/celebrity/1393516/","萨拉·米博·孙","饰 帕米拉 Pamela Nam Kim","https://img3.doubanio.com/view/celebrity/s_ratio_celebrity/public/p1539743214.61.jpg","https://img3.doubanio.com/view/celebrity/s_ratio_celebrity/public/p1539743214.61.jpg","https://img1.doubanio.com/view/photo/s_ratio_poster/public/p2542848758.jpg","https://movie.douban.com/subject/27615441/photos?type=R","上映日期:","片长:","8.6","工程师大卫·金（约翰·赵 饰）一直引以为傲的16岁乖女玛戈特突然失踪。前来调查此案的警探怀疑女儿离家出走。不满这一结论的父亲为了寻找真相，独自展开调查。他打开了女儿的笔记本电脑，用社交软件开始寻找破案线索。大卫必须在女儿消失之前，沿着她在虚拟世界的足迹找到她…"
"7
爱你，西蒙8.3","https://movie.douban.com/subject/26654498/","格里格·伯兰蒂","https://movie.douban.com/celebrity/1018094/","格里格·伯兰蒂","导演","https://img3.doubanio.com/view/celebrity/s_ratio_celebrity/public/p22796.jpg","https://img3.doubanio.com/view/celebrity/s_ratio_celebrity/public/p22796.jpg","https://img1.doubanio.com/view/photo/s_ratio_poster/public/p2523592367.jpg","https://movie.douban.com/subject/26654498/photos?type=R","片长:","","8.3","每个人都值得拥有一个伟大的爱情故事。但是对一个17岁的高中生「赛门」来说这一切却是件超複杂的事：第一、没有人知道他是同性恋；第二、他也搞不清楚自己爱上跟他一样有同样困扰的不具名网友到底是何方神圣？？？为了解决这两个大麻烦，赛门展开一段爆笑又吓人的解答过程，但他没料到的是，最后得到的答案却从此改变了自己的人生。"
"7
爱你，西蒙8.3","https://movie.douban.com/subject/26654498/","格里格·伯兰蒂","https://movie.douban.com/celebrity/1018094/","尼克·罗宾森","饰 西蒙 Simon","https://img1.doubanio.com/view/celebrity/s_ratio_celebrity/public/p1379171916.39.jpg","https://img1.doubanio.com/view/celebrity/s_ratio_celebrity/public/p1379171916.39.jpg","https://img1.doubanio.com/view/photo/s_ratio_poster/public/p2523592367.jpg","https://movie.douban.com/subject/26654498/photos?type=R","片长:","","8.3","每个人都值得拥有一个伟大的爱情故事。但是对一个17岁的高中生「赛门」来说这一切却是件超複杂的事：第一、没有人知道他是同性恋；第二、他也搞不清楚自己爱上跟他一样有同样困扰的不具名网友到底是何方神圣？？？为了解决这两个大麻烦，赛门展开一段爆笑又吓人的解答过程，但他没料到的是，最后得到的答案却从此改变了自己的人生。"
"7
爱你，西蒙8.3","https://movie.douban.com/subject/26654498/","格里格·伯兰蒂","https://movie.douban.com/celebrity/1018094/","詹妮弗·加纳","饰 艾米丽 Emily","https://img1.doubanio.com/view/celebrity/s_ratio_celebrity/public/p26079.jpg","https://img1.doubanio.com/view/celebrity/s_ratio_celebrity/public/p26079.jpg","https://img1.doubanio.com/view/photo/s_ratio_poster/public/p2523592367.jpg","https://movie.douban.com/subject/26654498/photos?type=R","片长:","","8.3","每个人都值得拥有一个伟大的爱情故事。但是对一个17岁的高中生「赛门」来说这一切却是件超複杂的事：第一、没有人知道他是同性恋；第二、他也搞不清楚自己爱上跟他一样有同样困扰的不具名网友到底是何方神圣？？？为了解决这两个大麻烦，赛门展开一段爆笑又吓人的解答过程，但他没料到的是，最后得到的答案却从此改变了自己的人生。"
"7
爱你，西蒙8.3","https://movie.douban.com/subject/26654498/","格里格·伯兰蒂","https://movie.douban.com/celebrity/1018094/","乔什·杜哈明","饰 杰克 Jack","https://img3.doubanio.com/view/celebrity/s_ratio_celebrity/public/p4166.jpg","https://img3.doubanio.com/view/celebrity/s_ratio_celebrity/public/p4166.jpg","https://img1.doubanio.com/view/photo/s_ratio_poster/public/p2523592367.jpg","https://movie.douban.com/subject/26654498/photos?type=R","片长:","","8.3","每个人都值得拥有一个伟大的爱情故事。但是对一个17岁的高中生「赛门」来说这一切却是件超複杂的事：第一、没有人知道他是同性恋；第二、他也搞不清楚自己爱上跟他一样有同样困扰的不具名网友到底是何方神圣？？？为了解决这两个大麻烦，赛门展开一段爆笑又吓人的解答过程，但他没料到的是，最后得到的答案却从此改变了自己的人生。"
"7
爱你，西蒙8.3","https://movie.douban.com/subject/26654498/","格里格·伯兰蒂","https://movie.douban.com/celebrity/1018094/","小豪尔赫·兰登伯格","饰 尼克 Nick","https://img1.doubanio.com/view/celebrity/s_ratio_celebrity/public/p1545624925.39.jpg","https://img1.doubanio.com/view/celebrity/s_ratio_celebrity/public/p1545624925.39.jpg","https://img1.doubanio.com/view/photo/s_ratio_poster/public/p2523592367.jpg","https://movie.douban.com/subject/26654498/photos?type=R","片长:","","8.3","每个人都值得拥有一个伟大的爱情故事。但是对一个17岁的高中生「赛门」来说这一切却是件超複杂的事：第一、没有人知道他是同性恋；第二、他也搞不清楚自己爱上跟他一样有同样困扰的不具名网友到底是何方神圣？？？为了解决这两个大麻烦，赛门展开一段爆笑又吓人的解答过程，但他没料到的是，最后得到的答案却从此改变了自己的人生。"
"7
爱你，西蒙8.3","https://movie.douban.com/subject/26654498/","格里格·伯兰蒂","https://movie.douban.com/celebrity/1018094/","凯瑟琳·兰福德","饰 丽雅 Leah","https://img3.doubanio.com/view/celebrity/s_ratio_celebrity/public/pDMcmKIx_Xrkcel_avatar_uploaded1491036415.76.jpg","https://img3.doubanio.com/view/celebrity/s_ratio_celebrity/public/pDMcmKIx_Xrkcel_avatar_uploaded1491036415.76.jpg","https://img1.doubanio.com/view/photo/s_ratio_poster/public/p2523592367.jpg","https://movie.douban.com/subject/26654498/photos?type=R","片长:","","8.3","每个人都值得拥有一个伟大的爱情故事。但是对一个17岁的高中生「赛门」来说这一切却是件超複杂的事：第一、没有人知道他是同性恋；第二、他也搞不清楚自己爱上跟他一样有同样困扰的不具名网友到底是何方神圣？？？为了解决这两个大麻烦，赛门展开一段爆笑又吓人的解答过程，但他没料到的是，最后得到的答案却从此改变了自己的人生。"
"8
特工8.5","https://movie.douban.com/subject/26683421/","尹钟彬","https://movie.douban.com/celebrity/1320263/","尹钟彬","导演","https://img3.doubanio.com/view/celebrity/s_ratio_celebrity/public/p1353211373.83.jpg","https://img3.doubanio.com/view/celebrity/s_ratio_celebrity/public/p1353211373.83.jpg","https://img3.doubanio.com/view/photo/s_ratio_poster/public/p2528281606.jpg","https://movie.douban.com/subject/26683421/photos?type=R","片长:","","8.5","1990年代中期，暗号「黑金星」的南韩「国家安全企划部」情报员，假扮成南韩商人跟北韩进行商业交易，藉此渗透北韩军事单位，打探核开发情报，他得在最危险的地方，赢得敌方的信任，没想到一心只想完成任务的他，却在不自觉中陷入南北韩权力高层间的恐怖阴谋。"
"8
特工8.5","https://movie.douban.com/subject/26683421/","尹钟彬","https://movie.douban.com/celebrity/1320263/","黄政民","饰 黑金星 / 朴錫英","https://img1.doubanio.com/view/celebrity/s_ratio_celebrity/public/p1459307788.59.jpg","https://img1.doubanio.com/view/celebrity/s_ratio_celebrity/public/p1459307788.59.jpg","https://img3.doubanio.com/view/photo/s_ratio_poster/public/p2528281606.jpg","https://movie.douban.com/subject/26683421/photos?type=R","片长:","","8.5","1990年代中期，暗号「黑金星」的南韩「国家安全企划部」情报员，假扮成南韩商人跟北韩进行商业交易，藉此渗透北韩军事单位，打探核开发情报，他得在最危险的地方，赢得敌方的信任，没想到一心只想完成任务的他，却在不自觉中陷入南北韩权力高层间的恐怖阴谋。"
"8
特工8.5","https://movie.douban.com/subject/26683421/","尹钟彬","https://movie.douban.com/celebrity/1320263/","李星民","饰 利明雲","https://img1.doubanio.com/view/celebrity/s_ratio_celebrity/public/p53117.jpg","https://img1.doubanio.com/view/celebrity/s_ratio_celebrity/public/p53117.jpg","https://img3.doubanio.com/view/photo/s_ratio_poster/public/p2528281606.jpg","https://movie.douban.com/subject/26683421/photos?type=R","片长:","","8.5","1990年代中期，暗号「黑金星」的南韩「国家安全企划部」情报员，假扮成南韩商人跟北韩进行商业交易，藉此渗透北韩军事单位，打探核开发情报，他得在最危险的地方，赢得敌方的信任，没想到一心只想完成任务的他，却在不自觉中陷入南北韩权力高层间的恐怖阴谋。"
"8
特工8.5","https://movie.douban.com/subject/26683421/","尹钟彬","https://movie.douban.com/celebrity/1320263/","赵震雄","饰 崔學成","https://img3.doubanio.com/view/celebrity/s_ratio_celebrity/public/p1512941290.55.jpg","https://img3.doubanio.com/view/celebrity/s_ratio_celebrity/public/p1512941290.55.jpg","https://img3.doubanio.com/view/photo/s_ratio_poster/public/p2528281606.jpg","https://movie.douban.com/subject/26683421/photos?type=R","片长:","","8.5","1990年代中期，暗号「黑金星」的南韩「国家安全企划部」情报员，假扮成南韩商人跟北韩进行商业交易，藉此渗透北韩军事单位，打探核开发情报，他得在最危险的地方，赢得敌方的信任，没想到一心只想完成任务的他，却在不自觉中陷入南北韩权力高层间的恐怖阴谋。"
"8
特工8.5","https://movie.douban.com/subject/26683421/","尹钟彬","https://movie.douban.com/celebrity/1320263/","朱智勋","饰 鄭武澤","https://img1.doubanio.com/view/celebrity/s_ratio_celebrity/public/p1434620083.98.jpg","https://img1.doubanio.com/view/celebrity/s_ratio_celebrity/public/p1434620083.98.jpg","https://img3.doubanio.com/view/photo/s_ratio_poster/public/p2528281606.jpg","https://movie.douban.com/subject/26683421/photos?type=R","片长:","","8.5","1990年代中期，暗号「黑金星」的南韩「国家安全企划部」情报员，假扮成南韩商人跟北韩进行商业交易，藉此渗透北韩军事单位，打探核开发情报，他得在最危险的地方，赢得敌方的信任，没想到一心只想完成任务的他，却在不自觉中陷入南北韩权力高层间的恐怖阴谋。"
"8
特工8.5","https://movie.douban.com/subject/26683421/","尹钟彬","https://movie.douban.com/celebrity/1320263/","朴圣雄","演员","https://img1.doubanio.com/view/celebrity/s_ratio_celebrity/public/p1455400493.88.jpg","https://img1.doubanio.com/view/celebrity/s_ratio_celebrity/public/p1455400493.88.jpg","https://img3.doubanio.com/view/photo/s_ratio_poster/public/p2528281606.jpg","https://movie.douban.com/subject/26683421/photos?type=R","片长:","","8.5","1990年代中期，暗号「黑金星」的南韩「国家安全企划部」情报员，假扮成南韩商人跟北韩进行商业交易，藉此渗透北韩军事单位，打探核开发情报，他得在最危险的地方，赢得敌方的信任，没想到一心只想完成任务的他，却在不自觉中陷入南北韩权力高层间的恐怖阴谋。"
"9
碟中谍6：全面瓦解8.1","https://movie.douban.com/subject/26336252/","克里斯托弗·麦奎里","https://movie.douban.com/celebrity/1276314/","克里斯托弗·麦奎里","导演","https://img1.doubanio.com/view/celebrity/s_ratio_celebrity/public/p1535912054.09.jpg","https://img1.doubanio.com/view/celebrity/s_ratio_celebrity/public/p1535912054.09.jpg","https://img3.doubanio.com/view/photo/s_ratio_poster/public/p2529365085.jpg","https://movie.douban.com/subject/26336252/photos?type=R","2018-08-31(中国大陆)","又名:","8.1","伊森·亨特（汤姆·克鲁斯饰）和队友们接到了追回三个大杀伤性核武器的任务。眼见任务马上就能完成，但为了挽救其中一位队友卢瑟（文·瑞姆斯饰）的生命，三个核武器被人趁机带走。中情局负责人斯隆女士（安吉拉·贝塞特饰）调来她手下的得意猛将沃克（亨利·卡维尔饰），让他盯着伊森·亨特完成追回核武器的任务。期间，女特工伊尔莎（丽贝卡·弗格森饰）突然出现，伊森·亨特发现，他要面对的并不只是恐怖分子，还有潜藏在政府部门的内鬼。"
"9
碟中谍6：全面瓦解8.1","https://movie.douban.com/subject/26336252/","克里斯托弗·麦奎里","https://movie.douban.com/celebrity/1276314/","汤姆·克鲁斯","饰 Ethan Hunt","https://img1.doubanio.com/view/celebrity/s_ratio_celebrity/public/p567.jpg","https://img1.doubanio.com/view/celebrity/s_ratio_celebrity/public/p567.jpg","https://img3.doubanio.com/view/photo/s_ratio_poster/public/p2529365085.jpg","https://movie.douban.com/subject/26336252/photos?type=R","2018-08-31(中国大陆)","又名:","8.1","伊森·亨特（汤姆·克鲁斯饰）和队友们接到了追回三个大杀伤性核武器的任务。眼见任务马上就能完成，但为了挽救其中一位队友卢瑟（文·瑞姆斯饰）的生命，三个核武器被人趁机带走。中情局负责人斯隆女士（安吉拉·贝塞特饰）调来她手下的得意猛将沃克（亨利·卡维尔饰），让他盯着伊森·亨特完成追回核武器的任务。期间，女特工伊尔莎（丽贝卡·弗格森饰）突然出现，伊森·亨特发现，他要面对的并不只是恐怖分子，还有潜藏在政府部门的内鬼。"
"9
碟中谍6：全面瓦解8.1","https://movie.douban.com/subject/26336252/","克里斯托弗·麦奎里","https://movie.douban.com/celebrity/1276314/","亨利·卡维尔","饰 安格斯·沃克 August Walker","https://img3.doubanio.com/view/celebrity/s_ratio_celebrity/public/p1371934661.95.jpg","https://img3.doubanio.com/view/celebrity/s_ratio_celebrity/public/p1371934661.95.jpg","https://img3.doubanio.com/view/photo/s_ratio_poster/public/p2529365085.jpg","https://movie.douban.com/subject/26336252/photos?type=R","2018-08-31(中国大陆)","又名:","8.1","伊森·亨特（汤姆·克鲁斯饰）和队友们接到了追回三个大杀伤性核武器的任务。眼见任务马上就能完成，但为了挽救其中一位队友卢瑟（文·瑞姆斯饰）的生命，三个核武器被人趁机带走。中情局负责人斯隆女士（安吉拉·贝塞特饰）调来她手下的得意猛将沃克（亨利·卡维尔饰），让他盯着伊森·亨特完成追回核武器的任务。期间，女特工伊尔莎（丽贝卡·弗格森饰）突然出现，伊森·亨特发现，他要面对的并不只是恐怖分子，还有潜藏在政府部门的内鬼。"
"9
碟中谍6：全面瓦解8.1","https://movie.douban.com/subject/26336252/","克里斯托弗·麦奎里","https://movie.douban.com/celebrity/1276314/","文·瑞姆斯","饰 路德·史提奇尔 Luther Stickell","https://img3.doubanio.com/view/celebrity/s_ratio_celebrity/public/p8712.jpg","https://img3.doubanio.com/view/celebrity/s_ratio_celebrity/public/p8712.jpg","https://img3.doubanio.com/view/photo/s_ratio_poster/public/p2529365085.jpg","https://movie.douban.com/subject/26336252/photos?type=R","2018-08-31(中国大陆)","又名:","8.1","伊森·亨特（汤姆·克鲁斯饰）和队友们接到了追回三个大杀伤性核武器的任务。眼见任务马上就能完成，但为了挽救其中一位队友卢瑟（文·瑞姆斯饰）的生命，三个核武器被人趁机带走。中情局负责人斯隆女士（安吉拉·贝塞特饰）调来她手下的得意猛将沃克（亨利·卡维尔饰），让他盯着伊森·亨特完成追回核武器的任务。期间，女特工伊尔莎（丽贝卡·弗格森饰）突然出现，伊森·亨特发现，他要面对的并不只是恐怖分子，还有潜藏在政府部门的内鬼。"
"9
碟中谍6：全面瓦解8.1","https://movie.douban.com/subject/26336252/","克里斯托弗·麦奎里","https://movie.douban.com/celebrity/1276314/","西蒙·佩吉","饰 班吉·邓恩 Benji Dunn","https://img3.doubanio.com/view/celebrity/s_ratio_celebrity/public/p8176.jpg","https://img3.doubanio.com/view/celebrity/s_ratio_celebrity/public/p8176.jpg","https://img3.doubanio.com/view/photo/s_ratio_poster/public/p2529365085.jpg","https://movie.douban.com/subject/26336252/photos?type=R","2018-08-31(中国大陆)","又名:","8.1","伊森·亨特（汤姆·克鲁斯饰）和队友们接到了追回三个大杀伤性核武器的任务。眼见任务马上就能完成，但为了挽救其中一位队友卢瑟（文·瑞姆斯饰）的生命，三个核武器被人趁机带走。中情局负责人斯隆女士（安吉拉·贝塞特饰）调来她手下的得意猛将沃克（亨利·卡维尔饰），让他盯着伊森·亨特完成追回核武器的任务。期间，女特工伊尔莎（丽贝卡·弗格森饰）突然出现，伊森·亨特发现，他要面对的并不只是恐怖分子，还有潜藏在政府部门的内鬼。"
"9
碟中谍6：全面瓦解8.1","https://movie.douban.com/subject/26336252/","克里斯托弗·麦奎里","https://movie.douban.com/celebrity/1276314/","丽贝卡·弗格森","饰 伊尔莎·浮士德 Ilsa Faust","https://img3.doubanio.com/view/celebrity/s_ratio_celebrity/public/p1376924506.04.jpg","https://img3.doubanio.com/view/celebrity/s_ratio_celebrity/public/p1376924506.04.jpg","https://img3.doubanio.com/view/photo/s_ratio_poster/public/p2529365085.jpg","https://movie.douban.com/subject/26336252/photos?type=R","2018-08-31(中国大陆)","又名:","8.1","伊森·亨特（汤姆·克鲁斯饰）和队友们接到了追回三个大杀伤性核武器的任务。眼见任务马上就能完成，但为了挽救其中一位队友卢瑟（文·瑞姆斯饰）的生命，三个核武器被人趁机带走。中情局负责人斯隆女士（安吉拉·贝塞特饰）调来她手下的得意猛将沃克（亨利·卡维尔饰），让他盯着伊森·亨特完成追回核武器的任务。期间，女特工伊尔莎（丽贝卡·弗格森饰）突然出现，伊森·亨特发现，他要面对的并不只是恐怖分子，还有潜藏在政府部门的内鬼。"
"10
华盛顿邮报8.3","https://movie.douban.com/subject/26990609/","史蒂文·斯皮尔伯格","https://movie.douban.com/celebrity/1054440/","史蒂文·斯皮尔伯格","导演","","","https://img1.doubanio.com/view/photo/s_ratio_poster/public/p2512869017.jpg","https://movie.douban.com/subject/26990609/photos?type=R","语言:","片长:","8.3","关于“五角大楼文件”泄密案（Pentagon Papers）的新片《The Post》，将史蒂文·斯皮尔伯格、汤姆·汉克斯与梅丽尔·斯特里普聚到了一起。斯皮尔伯格将作为导演与制片人身份参与制作，而影片的男女主角分别是汉克斯与梅姨。
这部吸引好莱坞三巨头首次合作的电影将在银幕上重现著名的“五角大楼文件”泄密案。1971年，一名国防部官员将美国政府卷入越南战争的机密文件通过《纽约时报》《华盛顿邮报》等媒体曝光，而在文件公开之前，美国国防部曾试图阻挠文件的曝光并以失败告终。
“五角大楼文件”事件标志着尼克松领导的联邦政府名誉扫地的开始，随后爆发的水门事件直接导致尼克松政府倒台。
《The Post》的主人公为“五角大楼文件”事件中发挥关键作用的《华盛顿邮报》的编辑本·布拉德利与出版人凯·格拉汉姆。汉克斯将饰演布拉德利，这个角色曾在讲述水门事件的经典影片《总..."
"10
华盛顿邮报8.3","https://movie.douban.com/subject/26990609/","史蒂文·斯皮尔伯格","https://movie.douban.com/celebrity/1054440/","梅丽尔·斯特里普","饰 凯·格雷厄姆 Kay Graham","https://img1.doubanio.com/view/celebrity/s_ratio_celebrity/public/p56399.jpg","https://img1.doubanio.com/view/celebrity/s_ratio_celebrity/public/p56399.jpg","https://img1.doubanio.com/view/photo/s_ratio_poster/public/p2512869017.jpg","https://movie.douban.com/subject/26990609/photos?type=R","语言:","片长:","8.3","关于“五角大楼文件”泄密案（Pentagon Papers）的新片《The Post》，将史蒂文·斯皮尔伯格、汤姆·汉克斯与梅丽尔·斯特里普聚到了一起。斯皮尔伯格将作为导演与制片人身份参与制作，而影片的男女主角分别是汉克斯与梅姨。
这部吸引好莱坞三巨头首次合作的电影将在银幕上重现著名的“五角大楼文件”泄密案。1971年，一名国防部官员将美国政府卷入越南战争的机密文件通过《纽约时报》《华盛顿邮报》等媒体曝光，而在文件公开之前，美国国防部曾试图阻挠文件的曝光并以失败告终。
“五角大楼文件”事件标志着尼克松领导的联邦政府名誉扫地的开始，随后爆发的水门事件直接导致尼克松政府倒台。
《The Post》的主人公为“五角大楼文件”事件中发挥关键作用的《华盛顿邮报》的编辑本·布拉德利与出版人凯·格拉汉姆。汉克斯将饰演布拉德利，这个角色曾在讲述水门事件的经典影片《总..."
"10
华盛顿邮报8.3","https://movie.douban.com/subject/26990609/","史蒂文·斯皮尔伯格","https://movie.douban.com/celebrity/1054440/","汤姆·汉克斯","饰 本·布莱德利 Ben Bradlee","https://img3.doubanio.com/view/celebrity/s_ratio_celebrity/public/p28603.jpg","https://img3.doubanio.com/view/celebrity/s_ratio_celebrity/public/p28603.jpg","https://img1.doubanio.com/view/photo/s_ratio_poster/public/p2512869017.jpg","https://movie.douban.com/subject/26990609/photos?type=R","语言:","片长:","8.3","关于“五角大楼文件”泄密案（Pentagon Papers）的新片《The Post》，将史蒂文·斯皮尔伯格、汤姆·汉克斯与梅丽尔·斯特里普聚到了一起。斯皮尔伯格将作为导演与制片人身份参与制作，而影片的男女主角分别是汉克斯与梅姨。
这部吸引好莱坞三巨头首次合作的电影将在银幕上重现著名的“五角大楼文件”泄密案。1971年，一名国防部官员将美国政府卷入越南战争的机密文件通过《纽约时报》《华盛顿邮报》等媒体曝光，而在文件公开之前，美国国防部曾试图阻挠文件的曝光并以失败告终。
“五角大楼文件”事件标志着尼克松领导的联邦政府名誉扫地的开始，随后爆发的水门事件直接导致尼克松政府倒台。
《The Post》的主人公为“五角大楼文件”事件中发挥关键作用的《华盛顿邮报》的编辑本·布拉德利与出版人凯·格拉汉姆。汉克斯将饰演布拉德利，这个角色曾在讲述水门事件的经典影片《总..."
"10
华盛顿邮报8.3","https://movie.douban.com/subject/26990609/","史蒂文·斯皮尔伯格","https://movie.douban.com/celebrity/1054440/","莎拉·保罗森","饰 托妮·布莱德利 Tony Bradlee","https://img3.doubanio.com/view/celebrity/s_ratio_celebrity/public/p1381416969.01.jpg","https://img3.doubanio.com/view/celebrity/s_ratio_celebrity/public/p1381416969.01.jpg","https://img1.doubanio.com/view/photo/s_ratio_poster/public/p2512869017.jpg","https://movie.douban.com/subject/26990609/photos?type=R","语言:","片长:","8.3","关于“五角大楼文件”泄密案（Pentagon Papers）的新片《The Post》，将史蒂文·斯皮尔伯格、汤姆·汉克斯与梅丽尔·斯特里普聚到了一起。斯皮尔伯格将作为导演与制片人身份参与制作，而影片的男女主角分别是汉克斯与梅姨。
这部吸引好莱坞三巨头首次合作的电影将在银幕上重现著名的“五角大楼文件”泄密案。1971年，一名国防部官员将美国政府卷入越南战争的机密文件通过《纽约时报》《华盛顿邮报》等媒体曝光，而在文件公开之前，美国国防部曾试图阻挠文件的曝光并以失败告终。
“五角大楼文件”事件标志着尼克松领导的联邦政府名誉扫地的开始，随后爆发的水门事件直接导致尼克松政府倒台。
《The Post》的主人公为“五角大楼文件”事件中发挥关键作用的《华盛顿邮报》的编辑本·布拉德利与出版人凯·格拉汉姆。汉克斯将饰演布拉德利，这个角色曾在讲述水门事件的经典影片《总..."
"10
华盛顿邮报8.3","https://movie.douban.com/subject/26990609/","史蒂文·斯皮尔伯格","https://movie.douban.com/celebrity/1054440/","鲍勃·奥登科克","饰 本·巴格迪肯 Ben Bagdikian","https://img3.doubanio.com/view/celebrity/s_ratio_celebrity/public/p1561692726.55.jpg","https://img3.doubanio.com/view/celebrity/s_ratio_celebrity/public/p1561692726.55.jpg","https://img1.doubanio.com/view/photo/s_ratio_poster/public/p2512869017.jpg","https://movie.douban.com/subject/26990609/photos?type=R","语言:","片长:","8.3","关于“五角大楼文件”泄密案（Pentagon Papers）的新片《The Post》，将史蒂文·斯皮尔伯格、汤姆·汉克斯与梅丽尔·斯特里普聚到了一起。斯皮尔伯格将作为导演与制片人身份参与制作，而影片的男女主角分别是汉克斯与梅姨。
这部吸引好莱坞三巨头首次合作的电影将在银幕上重现著名的“五角大楼文件”泄密案。1971年，一名国防部官员将美国政府卷入越南战争的机密文件通过《纽约时报》《华盛顿邮报》等媒体曝光，而在文件公开之前，美国国防部曾试图阻挠文件的曝光并以失败告终。
“五角大楼文件”事件标志着尼克松领导的联邦政府名誉扫地的开始，随后爆发的水门事件直接导致尼克松政府倒台。
《The Post》的主人公为“五角大楼文件”事件中发挥关键作用的《华盛顿邮报》的编辑本·布拉德利与出版人凯·格拉汉姆。汉克斯将饰演布拉德利，这个角色曾在讲述水门事件的经典影片《总..."
"10
华盛顿邮报8.3","https://movie.douban.com/subject/26990609/","史蒂文·斯皮尔伯格","https://movie.douban.com/celebrity/1054440/","崔西·莱茨","饰 弗里茨·毕比 Fritz Beebe","https://img3.doubanio.com/view/celebrity/s_ratio_celebrity/public/p1394028591.12.jpg","https://img3.doubanio.com/view/celebrity/s_ratio_celebrity/public/p1394028591.12.jpg","https://img1.doubanio.com/view/photo/s_ratio_poster/public/p2512869017.jpg","https://movie.douban.com/subject/26990609/photos?type=R","语言:","片长:","8.3","关于“五角大楼文件”泄密案（Pentagon Papers）的新片《The Post》，将史蒂文·斯皮尔伯格、汤姆·汉克斯与梅丽尔·斯特里普聚到了一起。斯皮尔伯格将作为导演与制片人身份参与制作，而影片的男女主角分别是汉克斯与梅姨。
这部吸引好莱坞三巨头首次合作的电影将在银幕上重现著名的“五角大楼文件”泄密案。1971年，一名国防部官员将美国政府卷入越南战争的机密文件通过《纽约时报》《华盛顿邮报》等媒体曝光，而在文件公开之前，美国国防部曾试图阻挠文件的曝光并以失败告终。
“五角大楼文件”事件标志着尼克松领导的联邦政府名誉扫地的开始，随后爆发的水门事件直接导致尼克松政府倒台。
《The Post》的主人公为“五角大楼文件”事件中发挥关键作用的《华盛顿邮报》的编辑本·布拉德利与出版人凯·格拉汉姆。汉克斯将饰演布拉德利，这个角色曾在讲述水门事件的经典影片《总..."